Tyre_Life_Bin,PitStop_Rate,Count
"(0, 5]",0.12525708552796588,39870
"(5, 10]",0.12801678908709338,20966
"(10, 15]",0.1259467647695304,13863
"(15, 20]",0.13263602982085235,8987
"(20, 25]",0.30141313383208646,6015
"(25, 30]",0.2991128010139417,3945
"(30, 50]",0.5332038834951456,7725
