Safety_Car,PitStop_Rate,Count
0,0.14580697177026528,89303
1,0.3900397746105403,12068
