Weather_Code,PitStop_Rate,Count
0,0.15823336566678536,81443
1,0.1556390977443609,7980
2,0.3012219618346167,11948
